{
  "mae": 1.2540108966116386,
  "rmse": 2.090640312325415,
  "r2": 0.9721400464947751,
  "mape": 5.303775982932523,
  "samples": 303,
  "timestamp": "2025-07-05T13:20:53.210836",
  "cv_mae": 1.5663170821021712
}